conflict_phase,fuel_cost_delta,revenue_delta,surcharge_delta,extra_distance_delta
COVID-19 Collapse,-2016.9108994708995,-25076.041843915344,-23.040880952380952,0.0
Gaza-Israel Conflict,3009.3180952380953,47509.14166666667,63.80851190476191,0.0
Pre-Iran Escalation,4512.775026455026,74099.78016534391,102.12910052910054,0.0
Pre-Pandemic Baseline,5.5038865881099824e-14,7.94003311071604e-13,7.0490350769851205e-16,0.0
Recovery & Surge,1705.522680776014,28238.90897707231,35.08514991181658,0.0
Stabilisation,3341.0821869488536,54410.45073633157,71.71687830687831,0.0
US-Iran War Conflict,14563.685396825396,86766.22025793651,302.0203273809524,850.9930555555555
Ukraine War Shock,4860.475174603174,72174.80686904762,113.06403571428572,0.0
