is_disrupted,extra_distance_km,extra_fuel_cost_usd,total_fuel_cost_usd,route_revenue_usd,estimated_passengers
0,0.0,0.0,11345.140953496153,150611.80868183338,246.74506523921045
1,856.9440559440559,3453.4398601398602,24652.065524475525,193726.59146853146,130.41958041958043
