conflict_phase,extra_distance_km,extra_fuel_cost_usd,total_fuel_cost_usd,fuel_surcharge_usd,route_revenue_usd,estimated_passengers
COVID-19 Collapse,0.0,0.0,7426.494814814815,62.36233333333334,93126.79664814814,247.74814814814815
Gaza-Israel Conflict,0.0,0.0,12452.72380952381,149.2117261904762,165711.98015873015,245.3095238095238
Pre-Iran Escalation,0.0,0.0,13956.180740740741,187.53231481481484,192302.6186574074,246.9537037037037
Pre-Pandemic Baseline,0.0,0.0,9443.405714285715,85.40321428571428,118202.8384920635,244.85119047619048
Recovery & Surge,0.0,0.0,11148.928395061728,120.48836419753087,146441.7474691358,247.45679012345678
Stabilisation,0.0,0.0,12784.487901234568,157.1200925925926,172613.28922839506,247.63888888888889
US-Iran War Conflict,850.9930555555555,3429.457638888889,24007.091111111113,387.42354166666667,204969.05875,158.30555555555554
Ukraine War Shock,0.0,0.0,14303.880888888889,198.46725,190377.6453611111,237.375
